position,company,location, URL
Senior Open Source Developer & DevOps (Python Django React AWS/OpenStack),OpenCraft,Anywhere in the World
Python Developer,RemoteMore,Anywhere in the World
Senior Backend Python Developer,Proxify AB,Latin America Only/Europe Only/EMEA Only
Senior Python Developer,Tactiq Tech,Anywhere in the World
Spécialiste Sécurité Security Specialist,PlayStation Global,🇨🇦 Canada
Staff Backend Engineer,Tessian,🇬🇧 United Kingdom
Senior Data Scientist Member Experience,Spring Health,🇺🇸 United States
Associate Software Engineer,Betterworks,🌏 Probably worldwide
Senior Data Analyst Mobile,2K,🌏 Probably worldwide
Data Analytics Senior,Arco Educação,🌏 Probably worldwide
Staff Cloud Security Engineer,Hyperscience,US-East Coast Time Zone - Remote
Lead Analytics Engineer,Moralis,Worldwide
Software Engineer Java,Octopus Energy,🇬🇧 United Kingdom
Software Engineer,Uniphore,Bangalore
Staff Data Scientist Performance,Afresh,🇺🇸 United States
Senior Engineer Integration & Automation,Kraken,Remote Anywhere
Senior Data Engineer Core Science,ZOE,🇬🇧 United Kingdom
Senior Technical Character Animator,2K,🌏 Probably worldwide
Senior Technical Character Animator,2K,🌏 Probably worldwide
DeFi Lending Founding Tech Lead Core Contributor,Trust Machines,🇺🇸 United States
Engineering Manager PAC,Quorum,🇺🇸 United States
Python Web Developer Business Applications Integration,Collabora,🇬🇧 United Kingdom
Structurer Crypto Derivatives,Kraken,Remote Anywhere
Controls Engineer,Fluence,🇬🇧 United Kingdom
